strat_id,init_cash,buy_prop,sell_prop,macd.fast_period,macd.slow_period,macd.signal_period,macd.sma_period,macd.dir_period,final_value,total,win_rate,won,lost,won_avg,won_avg_prcnt,lost_avg,lost_avg_prcnt,won_max,won_max_prcnt,lost_max,lost_max_prcnt
135,1000000,1,1,8,13,18,5,7,2514963.486,73,0.561643836,41,31,85939.01524,8.593901524,-59745.43863,-5.974543863,414768.7324,41.47687324,-222001.1406,-22.20011406
83,1000000,1,1,5,13,18,5,21,2104826.337,72,0.652777778,47,25,85590.10054,8.559010054,-116716.3355,-11.67163355,455562.875,45.5562875,-552316.2402,-55.23162402
120,1000000,1,1,8,10,18,10,7,2103996.685,107,0.551401869,59,48,81746.31634,8.174631634,-77479.91624,-7.747991624,415845.75,41.584575,-613142.2354,-61.31422354
47,1000000,1,1,3,16,18,5,21,2095447.913,72,0.694444444,50,22,76857.78186,7.685778186,-124883.69,-12.488369,419972.0254,41.99720254,-501630.6094,-50.16306094
119,1000000,1,1,8,10,18,5,21,2092427.59,70,0.657142857,46,24,83960.55747,8.396055747,-115406.5856,-11.54065856,367631.75,36.763175,-528806.9385,-52.88069385
101,1000000,1,1,5,16,18,5,21,2062957.347,70,0.657142857,46,24,82152.24611,8.215224611,-113168.5823,-11.31685823,361605,36.1605,-521563.0078,-52.15630078
84,1000000,1,1,5,13,18,10,7,2003399.587,110,0.563636364,62,48,72654.8656,7.26548656,-72941.71,-7.294171,462681.0449,46.26810449,-648669.0674,-64.86690674
146,1000000,1,1,8,16,9,5,21,1996932.869,71,0.661971831,47,24,77680.37159,7.768037159,-110585.1915,-11.05851915,412853.8555,41.28538555,-505242.625,-50.5242625
1,1000000,1,1,3,10,9,5,14,1995368.856,103,0.631067961,65,38,52244.53962,5.224453962,-63171.7426,-6.31717426,240163.3945,24.01633945,-427477.1016,-42.74771016
22,1000000,1,1,3,13,9,10,14,1991272.196,80,0.725,58,22,63950.72518,6.395072518,-123539.5393,-12.35395393,261066.4492,26.10664492,-526633.2422,-52.66332422
51,1000000,1,1,3,16,18,20,7,1968542.716,71,0.676056338,48,23,75856.24302,7.585624302,-116198.1282,-11.61981282,419972.0254,41.99720254,-504429.9277,-50.44299277
102,1000000,1,1,5,16,18,10,7,1963460.603,106,0.575471698,61,45,68569.17357,6.856917357,-71539.08856,-7.153908856,361605,36.1605,-512486.5557,-51.24865557
136,1000000,1,1,8,13,18,5,14,1955275.113,93,0.580645161,54,39,70367.2964,7.03672964,-72937.4075,-7.29374075,407738.7539,40.77387539,-649105.7871,-64.91057871
0,1000000,1,1,3,10,9,5,7,1954398.925,156,0.570512821,89,67,44058.21008,4.405821008,-44280.32496,-4.428032496,229721.5078,22.97215078,-242690.7578,-24.26907578
147,1000000,1,1,8,16,9,10,7,1950920.28,111,0.576576577,64,47,69231.03203,6.923103203,-74039.69722,-7.403969722,455562.875,45.5562875,-667480.959,-66.7480959
49,1000000,1,1,3,16,18,10,14,1950085.575,84,0.69047619,58,26,73056.68119,7.305668119,-126430.8436,-12.64308436,398617.5156,39.86175156,-677006.8594,-67.70068594
138,1000000,1,1,8,13,18,10,7,1928735.463,103,0.533980583,55,48,66296.17022,6.629617022,-56615.70624,-5.661570624,463978.582,46.3978582,-553324.1602,-55.33241602
65,1000000,1,1,5,10,18,5,21,1917451.239,73,0.684931507,50,23,65421.71811,6.542171811,-102331.942,-10.2331942,268589.5313,26.85895313,-410152.207,-41.0152207
139,1000000,1,1,8,13,18,10,14,1910292.613,83,0.638554217,53,30,69151.56613,6.915156613,-91824.67972,-9.182467972,414768.7324,41.47687324,-502360.0928,-50.23600928
4,1000000,1,1,3,10,9,10,14,1909386.602,78,0.705128205,55,23,62083.77175,6.208377175,-108922.6454,-10.89226454,247124.6523,24.71246523,-504472.4121,-50.44724121
141,1000000,1,1,8,13,18,20,7,1899611.543,68,0.647058824,44,24,74683.89764,7.468389764,-99436.66471,-9.943666471,428828.6895,42.88286895,-517066.9648,-51.70669648
110,1000000,1,1,8,10,9,5,21,1891878.108,72,0.680555556,49,23,66022.63556,6.602263556,-101879.6102,-10.18796102,264859.1211,26.48591211,-353884.8779,-35.38848779
2,1000000,1,1,3,10,9,5,21,1885292.718,77,0.675324675,52,25,62399.52757,6.239952757,-94379.30863,-9.437930863,256526.5469,25.65265469,-320199.1318,-32.01991318
40,1000000,1,1,3,16,9,10,14,1880024.026,80,0.7125,57,23,61247.90366,6.124790366,-113526.3688,-11.35263688,292226,29.2226,-494816.8945,-49.48168945
140,1000000,1,1,8,13,18,10,21,1875239.132,62,0.629032258,39,23,79515.6884,7.95156884,-96777.0746,-9.67770746,414768.7324,41.47687324,-516921.2549,-51.69212549
87,1000000,1,1,5,13,18,20,7,1872680.091,70,0.628571429,44,26,83123.83046,8.312383046,-107106.4788,-10.71064788,455562.875,45.5562875,-552316.2402,-55.23162402
128,1000000,1,1,8,13,9,5,21,1863694.029,70,0.671428571,47,23,66576.54309,6.657654309,-98495.80418,-9.849580418,270777.6367,27.07776367,-389753.6563,-38.97536563
13,1000000,1,1,3,10,18,10,14,1861614.184,79,0.696202532,55,24,64059.41852,6.405941852,-110902.2431,-11.09022431,283511.1719,28.35111719,-517294.7422,-51.72947422
93,1000000,1,1,5,16,9,10,7,1859407.938,113,0.601769912,68,45,55081.64029,5.508164029,-64136.5245,-6.41365245,235015.8398,23.50158398,-376356.4941,-37.63564941
81,1000000,1,1,5,13,18,5,7,1855525.909,116,0.5,58,58,69488.73072,6.948873072,-54738.28401,-5.473828401,419972.0254,41.99720254,-277677.0703,-27.76770703
76,1000000,1,1,5,13,9,10,14,1854172.567,79,0.696202532,55,24,64094.85392,6.409485392,-111293.5166,-11.12935166,283511.1719,28.35111719,-517294.7422,-51.72947422
3,1000000,1,1,3,10,9,10,7,1850396.314,112,0.669642857,75,37,50438.40878,5.043840878,-79256.33361,-7.925633361,242194.1758,24.21941758,-417822.291,-41.7822291
94,1000000,1,1,5,16,9,10,14,1846467.32,82,0.707317073,58,24,59984.92799,5.998492799,-109694.1043,-10.96941043,272319.9414,27.23199414,-496875.2129,-49.68752129
9,1000000,1,1,3,10,18,5,7,1839195.067,146,0.51369863,75,71,52062.83507,5.206283507,-43176.3037,-4.31763037,279780.7617,27.97807617,-215588.2324,-21.55882324
137,1000000,1,1,8,13,18,5,21,1834613.644,68,0.647058824,44,24,73832.85392,7.383285392,-100584.6637,-10.05846637,428828.6895,42.88286895,-546043.5791,-54.60435791
117,1000000,1,1,8,10,18,5,7,1821843.968,97,0.525773196,51,46,74492.15366,7.449215366,-64722.95368,-6.472295368,343524.75,34.352475,-283421.7324,-28.34217324
123,1000000,1,1,8,10,18,20,7,1820655.718,69,0.637681159,44,25,78555.34741,7.855534741,-105431.1827,-10.54311827,367631.75,36.763175,-528806.9385,-52.88069385
99,1000000,1,1,5,16,18,5,7,1820071.465,101,0.534653465,54,47,65565.20405,6.556520405,-57881.9054,-5.78819054,313391,31.3391,-245204.8906,-24.52048906
50,1000000,1,1,3,16,18,10,21,1813636.847,64,0.703125,45,19,71766.52007,7.176652007,-127150.3451,-12.71503451,391499.3457,39.14993457,-471784.0977,-47.17840977
105,1000000,1,1,5,16,18,20,7,1798401.626,69,0.637681159,44,25,76752.74647,7.675274647,-103148.7688,-10.31487688,361605,36.1605,-521563.0078,-52.15630078
145,1000000,1,1,8,16,9,5,14,1792525.338,97,0.577319588,56,41,68946.94468,6.894694468,-74841.55035,-7.484155035,419972.0254,41.99720254,-674615.8301,-67.46158301
18,1000000,1,1,3,13,9,5,7,1783904.226,154,0.558441558,86,68,43729.48261,4.372948261,-43776.93058,-4.377693058,217031.1445,21.70311445,-246108.9375,-24.61089375
150,1000000,1,1,8,16,9,20,7,1769084.014,69,0.637681159,44,25,75020.19838,7.502019838,-101272.1886,-10.12721886,412853.8555,41.28538555,-505242.625,-50.5242625
100,1000000,1,1,5,16,18,5,14,1765104.47,96,0.572916667,55,41,65938.80598,6.593880598,-69793.4112,-6.97934112,337498,33.7498,-650797.4404,-65.07974404
66,1000000,1,1,5,10,18,10,7,1763848.794,113,0.592920354,67,46,53442.59065,5.344259065,-61234.88651,-6.123488651,223824.6094,22.38246094,-465505.2607,-46.55052607
111,1000000,1,1,8,10,9,10,7,1763620.188,114,0.561403509,64,50,56954.15526,5.695415526,-57628.91496,-5.762891496,220094.1992,22.00941992,-413992.1436,-41.39921436
82,1000000,1,1,5,13,18,5,14,1761785.176,98,0.551020408,54,44,67242.72271,6.724272271,-65211.86024,-6.521186024,398617.5156,39.86175156,-614073.3838,-61.40733838
74,1000000,1,1,5,13,9,5,21,1761140.567,71,0.661971831,47,24,65707.86949,6.570786949,-96963.72078,-9.696372078,253667.8906,25.36678906,-360319.1484,-36.03191484
104,1000000,1,1,5,16,18,10,21,1746657.88,65,0.630769231,41,24,79376.94893,7.937694893,-104491.5428,-10.44915428,355578.25,35.557825,-507184.2061,-50.71842061
92,1000000,1,1,5,16,9,5,21,1744789.078,71,0.661971831,47,24,63102.41147,6.310241147,-92542.67753,-9.254267753,242476.6602,24.24766602,-341016.3369,-34.10163369
103,1000000,1,1,5,16,18,10,14,1741678.121,85,0.623529412,53,32,68240.8209,6.82408209,-89846.41833,-8.984641833,349551.5,34.95515,-634496.4082,-63.44964082
58,1000000,1,1,5,10,9,10,14,1733018.415,79,0.696202532,55,24,57815.37221,5.781537221,-101951.1274,-10.19511274,280379,28.0379,-474091.209,-47.4091209
156,1000000,1,1,8,16,18,10,7,1730470.039,98,0.530612245,52,46,57701.41233,5.770141233,-49347.90005,-4.934790005,346133.9883,34.61339883,-427437.9434,-42.74379434
19,1000000,1,1,3,13,9,5,14,1723458.987,103,0.640776699,66,37,48826.72502,4.882672502,-67543.37471,-6.754337471,207595.0078,20.75950078,-401996.3086,-40.19963086
45,1000000,1,1,3,16,18,5,7,1716611.962,130,0.492307692,64,66,55838.87474,5.583887474,-43289.03063,-4.328903063,363026.666,36.3026666,-243081.5273,-24.30815273
21,1000000,1,1,3,13,9,10,7,1714856.968,114,0.675438596,77,37,49235.89175,4.923589175,-83143.42425,-8.314342425,245339.5547,24.53395547,-402573.1816,-40.25731816
20,1000000,1,1,3,13,9,5,21,1713457.112,78,0.692307692,54,24,57133.69262,5.713369262,-98823.42871,-9.882342871,220176.5234,22.01765234,-307676.375,-30.7676375
122,1000000,1,1,8,10,18,10,21,1709265.044,63,0.634920635,40,23,79648.97278,7.964897278,-107682.3421,-10.76823421,355578.25,35.557825,-514428.1367,-51.44281367
153,1000000,1,1,8,16,18,5,7,1709264.199,55,0.563636364,31,23,66496.70691,6.649670691,-54843.89113,-5.484389113,326904.3223,32.69043223,-182475.0996,-18.24750996
112,1000000,1,1,8,10,9,10,14,1708657.679,85,0.658823529,56,29,54391.91724,5.439191724,-80596.19609,-8.059619609,231285.4297,23.12854297,-421091.625,-42.1091625
157,1000000,1,1,8,16,18,10,14,1707634.215,81,0.604938272,49,32,65501.53783,6.550153783,-78185.66058,-7.818566058,339724.0996,33.97240996,-425643.1143,-42.56431143
6,1000000,1,1,3,10,9,20,7,1701964.267,70,0.671428571,47,23,57644.29289,5.764429289,-87274.67387,-8.727467387,230119.4023,23.01194023,-322627.2715,-32.26272715
86,1000000,1,1,5,13,18,10,21,1687269.852,63,0.650793651,41,22,78239.4289,7.82394289,-114570.3061,-11.45703061,434208.3652,43.42083652,-521672.0674,-52.16720674
38,1000000,1,1,3,16,9,5,21,1684026.075,76,0.644736842,49,27,63167.982,6.3167982,-89303.89048,-8.930389048,276430,27.643,-375979.166,-37.5979166
12,1000000,1,1,3,10,18,10,7,1682105.607,116,0.594827586,69,47,56051.45774,5.605145774,-67775.42503,-6.777542503,276050.3516,27.60503516,-394729.2129,-39.47292129
118,1000000,1,1,8,10,18,5,14,1676610.237,95,0.568421053,54,41,68541.69367,6.854169367,-73771.73709,-7.377173709,355578.25,35.557825,-721534.8584,-72.15348584
149,1000000,1,1,8,16,9,10,21,1676000.828,63,0.666666667,42,21,73376.81471,7.337681471,-114563.1138,-11.45631138,412853.8555,41.28538555,-498979.876,-49.8979876
29,1000000,1,1,3,13,18,5,21,1662830.753,71,0.647887324,46,25,63317.27985,6.331727985,-89990.5648,-8.99905648,235015.8398,23.50158398,-389644.5967,-38.96445967
69,1000000,1,1,5,10,18,20,7,1652451.886,70,0.657142857,46,24,63454.06571,6.345406571,-94434.79736,-9.443479736,261128.7109,26.11287109,-410152.207,-41.0152207
11,1000000,1,1,3,10,18,5,21,1649684.272,72,0.652777778,47,25,64262.83561,6.426283561,-94826.76004,-9.482676004,253667.8906,25.36678906,-352260.0596,-35.22600596
39,1000000,1,1,3,16,9,10,7,1648069.838,114,0.649122807,74,40,47186.22015,4.718622015,-71092.76133,-7.109276133,264583,26.4583,-400792.832,-40.0792832
63,1000000,1,1,5,10,18,5,7,1646298.419,124,0.524193548,65,59,50638.01104,5.063801104,-44833.42879,-4.483342879,201442.1484,20.14421484,-247492.6563,-24.74926563
142,1000000,1,1,8,13,18,20,14,1644964.027,58,0.603448276,35,23,73932.52104,7.393252104,-84464.09604,-8.446409604,379618.8398,37.96188398,-478015.6191,-47.80156191
158,1000000,1,1,8,16,18,10,21,1640200.742,63,0.603174603,38,25,72681.41005,7.268141005,-84867.71359,-8.486771359,339724.0996,33.97240996,-441229.7119,-44.12297119
109,1000000,1,1,8,10,9,5,14,1639956.914,101,0.574257426,58,43,53174.7711,5.31747711,-56841.39092,-5.684139092,208902.9688,20.89029688,-399738.2031,-39.97382031
148,1000000,1,1,8,16,9,10,14,1635766.762,85,0.635294118,54,31,64851.21976,6.485121976,-92458.03566,-9.245803566,412853.8555,41.28538555,-603591.9414,-60.35919414
144,1000000,1,1,8,16,9,5,7,1634765.234,110,0.518181818,57,53,63140.07564,6.314007564,-55928.66183,-5.592866183,398617.5156,39.86175156,-275332.0342,-27.53320342
64,1000000,1,1,5,10,18,5,14,1632523.043,100,0.61,61,39,49922.29926,4.992229926,-61865.05672,-6.186505672,212633.3789,21.26333789,-461488.1797,-46.14881797
31,1000000,1,1,3,13,18,10,14,1630580.949,81,0.679012346,55,26,59690.16202,5.969016202,-102014.537,-10.2014537,257398.3008,25.73983008,-469649.1738,-46.96491738
48,1000000,1,1,3,16,18,10,7,1630360.969,111,0.576576577,64,47,65249.34338,6.524934338,-75438.23421,-7.543823421,412853.8555,41.28538555,-580877.3057,-58.08773057
91,1000000,1,1,5,16,9,5,14,1625275.866,99,0.616161616,61,38,51889.18307,5.188918307,-66841.16581,-6.684116581,220094.1992,22.00941992,-383883.624,-38.3883624
46,1000000,1,1,3,16,18,5,14,1615693.146,98,0.591836735,58,40,62167.1659,6.21671659,-74750.06191,-7.475006191,391499.3457,39.14993457,-585101.085,-58.5101085
15,1000000,1,1,3,10,18,20,7,1611202.702,71,0.661971831,47,24,63475.86141,6.347586141,-98840.11601,-9.884011601,261128.7109,26.11287109,-356531.9678,-35.65319678
78,1000000,1,1,5,13,9,20,7,1606182.13,70,0.657142857,46,24,63726.02601,6.372602601,-96883.9611,-9.68839611,261128.7109,26.11287109,-360319.1484,-36.03191484
42,1000000,1,1,3,16,9,20,7,1600969.071,71,0.661971831,47,24,61126.76328,6.112676328,-94666.20011,-9.466620011,264583,26.4583,-374202.1074,-37.42021074
68,1000000,1,1,5,10,18,10,21,1599233.869,63,0.682539683,43,20,60698.35254,6.069835254,-100539.7645,-10.05397645,249937.4805,24.99374805,-389644.5967,-38.96445967
24,1000000,1,1,3,13,9,20,7,1597616.449,71,0.676056338,48,23,57130.67375,5.713067375,-93245.90829,-9.324590829,213885.7656,21.38857656,-307676.375,-30.7676375
131,1000000,1,1,8,13,9,10,21,1595983.979,63,0.666666667,42,21,62000.35642,6.200035642,-95620.52339,-9.562052339,255522.5586,25.55225586,-389644.5967,-38.96445967
85,1000000,1,1,5,13,18,10,14,1590300.326,84,0.619047619,52,32,64577.62104,6.457762104,-86491.74899,-8.649174899,398617.5156,39.86175156,-577645.1787,-57.76451787
124,1000000,1,1,8,10,18,20,14,1587239.942,56,0.660714286,37,19,73289.94925,7.328994925,-111815.1674,-11.18151674,331471.25,33.147125,-478099.4238,-47.80994238
67,1000000,1,1,5,10,18,10,14,1585216.898,86,0.674418605,58,28,50547.23907,5.054723907,-83804.39171,-8.380439171,223824.6094,22.38246094,-447231.8291,-44.72318291
129,1000000,1,1,8,13,9,10,7,1578579.692,114,0.543859649,62,52,54966.53301,5.496653301,-54410.48759,-5.441048759,209757.3242,20.97573242,-502692.4814,-50.26924814
60,1000000,1,1,5,10,9,20,7,1568866.736,71,0.661971831,47,24,56822.90899,5.682290899,-87575.4161,-8.75754161,260634,26.0634,-316079.0938,-31.60790938
121,1000000,1,1,8,10,18,10,14,1564167.803,85,0.611764706,52,33,65019.54641,6.501954641,-85359.0488,-8.53590488,355578.25,35.557825,-641631.2793,-64.16312793
113,1000000,1,1,8,10,9,10,21,1563554.095,62,0.693548387,43,19,58685.87075,5.868587075,-103154.6499,-10.31546499,238746.25,23.874625,-334582.0664,-33.45820664
33,1000000,1,1,3,13,18,20,7,1563451.035,71,0.647887324,46,25,61608.49053,6.160849053,-90821.58117,-9.082158117,238746.25,23.874625,-389753.6563,-38.97536563
36,1000000,1,1,3,16,9,5,7,1542248.936,150,0.553333333,83,67,39183.35166,3.918335166,-40447.30227,-4.044730227,240889,24.0889,-226457.0059,-22.64570059
154,1000000,1,1,8,16,18,5,14,1538324.05,87,0.574712644,50,37,56230.19557,5.623019557,-61437.45212,-6.143745212,314084.5449,31.40845449,-532037.6875,-53.20376875
5,1000000,1,1,3,10,9,10,21,1538230.071,55,0.690909091,38,17,57706.93693,5.770693693,-97331.38425,-9.733138425,196167.3594,19.61673594,-478073.2393,-47.80732393
114,1000000,1,1,8,10,9,20,7,1536226.034,70,0.657142857,46,24,59805.95941,5.980595941,-92285.33744,-9.228533744,246207.0703,24.62070703,-353884.8779,-35.38848779
106,1000000,1,1,5,16,18,20,14,1534701.163,57,0.631578947,36,21,72652.80094,7.265280094,-99085.69861,-9.908569861,325444.5,32.54445,-469022.9717,-46.90229717
96,1000000,1,1,5,16,9,20,7,1534634.371,70,0.657142857,46,24,59110.64986,5.911064986,-91018.9801,-9.10189801,246207.0703,24.62070703,-341016.3369,-34.10163369
90,1000000,1,1,5,16,9,5,7,1532213.627,137,0.503649635,69,68,46157.08104,4.615708104,-39009.19066,-3.900919066,179059.6875,17.90596875,-225311.6836,-22.53116836
56,1000000,1,1,5,10,9,5,21,1530924.352,73,0.643835616,47,26,56625.30178,5.662530178,-81940.95508,-8.194095508,252736,25.2736,-311807.1855,-31.18071855
132,1000000,1,1,8,13,9,20,7,1529897.485,69,0.637681159,44,25,60976.22998,6.097622998,-86122.26535,-8.612226535,251708.7891,25.17087891,-388793.2568,-38.87932568
127,1000000,1,1,8,13,9,5,14,1519095.171,99,0.565656566,56,43,53800.18464,5.380018464,-57993.37602,-5.799337602,213571.0938,21.35710938,-502692.4814,-50.26924814
37,1000000,1,1,3,16,9,5,14,1506941.227,102,0.617647059,63,39,44985.55506,4.498555506,-59670.48057,-5.967048057,229042,22.9042,-362832.4277,-36.28324277
14,1000000,1,1,3,10,18,10,21,1495202.14,60,0.65,39,21,60106.90525,6.010690525,-88046.05548,-8.804605548,212633.3789,21.26333789,-323827.4307,-32.38274307
159,1000000,1,1,8,16,18,20,7,1467158.85,64,0.625,40,24,62720.58584,6.272058584,-85069.35767,-8.506935767,326904.3223,32.69043223,-407073.4951,-40.70734951
52,1000000,1,1,3,16,18,20,14,1460485.139,55,0.672727273,37,18,69587.10264,6.958710264,-117457.6477,-11.74576477,391499.3457,39.14993457,-471675.0381,-47.16750381
57,1000000,1,1,5,10,9,10,7,1456973.286,115,0.617391304,71,44,45083.46207,4.508346207,-62362.55728,-6.236255728,244838,24.4838,-393230.7031,-39.32307031
10,1000000,1,1,3,10,18,5,14,1449262.526,101,0.594059406,60,41,48498.76922,4.849876922,-60016.18602,-6.001618602,223824.6094,22.38246094,-359566.2871,-35.95662871
108,1000000,1,1,8,10,9,5,7,1435750.075,128,0.4921875,63,65,49706.97729,4.970697729,-41473.68453,-4.147368453,179059.6875,17.90596875,-241129.3047,-24.11293047
73,1000000,1,1,5,13,9,5,14,1424380.753,99,0.585858586,58,41,49760.76049,4.976076049,-60042.52087,-6.004252087,208902.9688,20.89029688,-340450.7861,-34.04507861
95,1000000,1,1,5,16,9,10,21,1419926.269,60,0.666666667,40,20,56111.0676,5.61110676,-91225.82178,-9.122582178,212633.3789,21.26333789,-321713.5254,-32.17135254
32,1000000,1,1,3,13,18,10,21,1419753.708,61,0.655737705,40,21,56793.81736,5.679381736,-88190.42792,-8.819042792,205172.5586,20.51725586,-369136.9863,-36.91369863
27,1000000,1,1,3,13,18,5,7,1419476.485,137,0.496350365,68,69,45907.25554,4.590725554,-39162.56365,-3.916256365,205172.5586,20.51725586,-211570.959,-21.1570959
130,1000000,1,1,8,13,9,10,14,1416567.151,84,0.642857143,54,30,52464.89048,5.246489048,-80551.23115,-8.055123115,225012.4023,22.50124023,-463713.5498,-46.37135498
155,1000000,1,1,8,16,18,5,21,1410655.963,64,0.625,40,24,61998.19463,6.199819463,-86219.65926,-8.621965926,326904.3223,32.69043223,-425643.1143,-42.56431143
160,1000000,1,1,8,16,18,20,14,1401000.982,57,0.614035088,35,22,63139.13998,6.313913998,-82221.31441,-8.222131441,314084.5449,31.40845449,-407288.9648,-40.72889648
75,1000000,1,1,5,13,9,10,7,1397526.128,115,0.565217391,65,50,51496.69483,5.149669483,-58995.18072,-5.899518072,223824.6094,22.38246094,-398242,-39.8242
77,1000000,1,1,5,13,9,10,21,1396266.398,59,0.644067797,38,21,58066.3501,5.80663501,-86202.61454,-8.620261454,212633.3789,21.26333789,-328147.7959,-32.81477959
23,1000000,1,1,3,13,9,10,21,1368751.011,57,0.666666667,38,19,54397.36105,5.439736105,-89386.77416,-8.938677416,182431.9766,18.24319766,-285099.2969,-28.50992969
72,1000000,1,1,5,13,9,5,7,1350769.62,142,0.478873239,68,74,45596.73598,4.559673598,-37159.57333,-3.715957333,190250.918,19.0250918,-240005.9238,-24.00059238
54,1000000,1,1,5,10,9,5,7,1338772.384,148,0.506756757,75,73,39396.10702,3.939610702,-35834.73483,-3.583473483,217195,21.7195,-202247.2012,-20.22472012
126,1000000,1,1,8,13,9,5,7,1334136.288,118,0.508474576,60,58,46648.36702,4.664836702,-42495.96092,-4.249596092,175433.3984,17.54333984,-213578.9883,-21.35789883
59,1000000,1,1,5,10,9,10,21,1284346.295,58,0.672413793,39,19,48624.46139,4.862446139,-84842.51049,-8.484251049,205348,20.5348,-458595.082,-45.8595082
55,1000000,1,1,5,10,9,5,14,1282995.664,102,0.598039216,61,41,41358.7954,4.13587954,-54631.48428,-5.463148428,205348,20.5348,-305885.6367,-30.58856367
41,1000000,1,1,3,16,9,10,21,1278680.107,58,0.637931034,37,21,53801.98741,5.380198741,-81523.49651,-8.152349651,213246,21.3246,-330602.3701,-33.06023701
28,1000000,1,1,3,13,18,5,14,1276759.729,100,0.58,58,42,48126.14755,4.812614755,-59870.40069,-5.987040069,208902.9688,20.89029688,-453247.3193,-45.32473193
151,1000000,1,1,8,16,9,20,14,1271575.612,53,0.641509434,34,19,66360.40823,6.636040823,-104456.7509,-10.44567509,391499.3457,39.14993457,-478099.4238,-47.80994238
7,1000000,1,1,3,10,9,20,14,1248357.468,51,0.705882353,36,14,49308.93072,4.930893072,-98008.50133,-9.800850133,161573.3789,16.15733789,-428878.7178,-42.88787178
88,1000000,1,1,5,13,18,20,14,1233010.488,53,0.660377358,35,18,64984.66203,6.498466203,-113414.0379,-11.34140379,398617.5156,39.86175156,-476757.2334,-47.67572334
30,1000000,1,1,3,13,18,10,7,1214344.42,115,0.547826087,63,52,49385.84804,4.938584804,-55710.84629,-5.571084629,216363.7891,21.63637891,-445006.459,-44.5006459
16,1000000,1,1,3,10,18,20,14,1204372.007,54,0.62962963,34,20,55915.07232,5.591507232,-84837.02261,-8.483702261,186520.5078,18.65205078,-317637.5713,-31.76375713
70,1000000,1,1,5,10,18,20,14,1192940.23,53,0.641509434,34,19,55837.38635,5.583738635,-89764.78449,-8.976478449,205172.5586,20.51725586,-374548.3955,-37.45483955
133,1000000,1,1,8,13,9,20,14,1189909.285,53,0.641509434,34,19,56138.83516,5.613883516,-90463.74265,-9.046374265,213571.0938,21.35710938,-375972.8564,-37.59728564
25,1000000,1,1,3,13,9,20,14,1183833.957,52,0.673076923,35,17,48589.22796,4.858922796,-89222.88362,-8.922288362,144687.4297,14.46874297,-266653.0293,-26.66530293
34,1000000,1,1,3,13,18,20,14,1155784.45,54,0.648148148,35,19,52649.45806,5.264945806,-88786.66221,-8.878666221,182790.0977,18.27900977,-363121.4961,-36.31214961
115,1000000,1,1,8,10,9,20,14,1151240.683,53,0.641509434,34,19,54026.56333,5.402656333,-88719.07741,-8.871907741,193981.3281,19.39813281,-314986.7148,-31.49867148
97,1000000,1,1,5,16,9,20,14,1115826.414,52,0.634615385,33,19,53122.73553,5.312273553,-86169.67676,-8.616967676,186520.5078,18.65205078,-315279.2549,-31.52792549
43,1000000,1,1,3,16,9,20,14,1091979.86,53,0.603773585,32,21,51250.26974,5.125026974,-73715.65578,-7.371565578,177705,17.7705,-306883.2637,-30.68832637
79,1000000,1,1,5,13,9,20,14,1073981.295,52,0.634615385,33,19,49615.1791,4.96151791,-82279.97975,-8.227997975,175329.2773,17.53292773,-307420.5234,-30.74205234
61,1000000,1,1,5,10,9,20,14,1036817.419,51,0.666666667,34,17,42995.69563,4.299569563,-83825.66073,-8.382566073,165858,16.5858,-421687.793,-42.1687793
89,1000000,1,1,5,13,18,20,21,1024049.789,42,0.619047619,26,15,61234.5711,6.12345711,-95992.86061,-9.599286061,355908.4961,35.59084961,-447516.21,-44.751621
152,1000000,1,1,8,16,9,20,21,1019814.203,42,0.619047619,26,15,60071.854,6.0071854,-94278.01868,-9.427801868,355908.4961,35.59084961,-508852.5264,-50.88525264
125,1000000,1,1,8,10,18,20,21,1001664.277,41,0.609756098,25,15,60850.61574,6.085061574,-92948.95462,-9.294895462,295310.75,29.531075,-432346.1689,-43.23461689
53,1000000,1,1,3,16,18,20,21,987048.918,42,0.595238095,25,16,67265.51234,6.726551234,-98292.76624,-9.829276624,348790.3262,34.87903262,-476920.7715,-47.69207715
134,1000000,1,1,8,13,9,20,21,985366.5322,42,0.619047619,26,15,48753.51119,4.875351119,-77354.6752,-7.73546752,148737.0117,14.87370117,-420827.5654,-42.08275654
44,1000000,1,1,3,16,9,20,21,977424.0166,42,0.619047619,26,15,57346.4852,5.73464852,-92864.09889,-9.286409889,202740.4238,20.27404238,-498769.292,-49.8769292
107,1000000,1,1,5,16,18,20,21,974886.5693,42,0.595238095,25,16,57879.80961,5.787980961,-84367.25275,-8.436725275,289284,28.9284,-424870.208,-42.4870208
71,1000000,1,1,5,10,18,20,21,964675.0361,42,0.619047619,26,15,47603.76964,4.760376964,-76949.6069,-7.69496069,141755.5859,14.17555859,-420718.5059,-42.07185059
62,1000000,1,1,5,10,9,20,21,961177.0049,40,0.65,26,13,54346.64277,5.434664277,-103153.1971,-10.31531971,202740.4238,20.27404238,-447603.7578,-44.76037578
26,1000000,1,1,3,13,9,20,21,951894.6924,42,0.69047619,29,12,49376.43289,4.937643289,-113540.9705,-11.35409705,202740.4238,20.27404238,-438141.3477,-43.81413477
116,1000000,1,1,8,10,9,20,21,949232.6855,42,0.619047619,26,15,46990.19719,4.699019719,-76915.57135,-7.691557135,141755.5859,14.17555859,-468353.543,-46.8353543
143,1000000,1,1,8,13,18,20,21,921547.8027,41,0.585365854,24,16,59924.05265,5.992405265,-91190.99646,-9.119099646,337438.9688,33.74389688,-433129.7012,-43.31297012
17,1000000,1,1,3,10,18,20,21,919062.7422,42,0.619047619,26,15,50481.79019,5.048179019,-85896.90404,-8.589690404,145485.9961,14.54859961,-449870.3418,-44.98703418
98,1000000,1,1,5,16,9,20,21,892914.8594,42,0.571428571,24,17,53626.38363,5.362638363,-75571.57387,-7.557157387,149216.4063,14.92164062,-468353.543,-46.8353543
35,1000000,1,1,3,13,18,20,21,867727.2686,42,0.571428571,24,17,54563.4305,5.45634305,-78559.95479,-7.855995479,141755.5859,14.17555859,-462086.4072,-46.20864072
80,1000000,1,1,5,13,9,20,21,865459.0693,41,0.634146341,26,14,46800.80375,4.680080375,-89441.82059,-8.944182059,145485.9961,14.54859961,-449870.3418,-44.98703418
8,1000000,1,1,3,10,9,20,21,796451.3184,40,0.65,26,13,41436.19674,4.143619674,-91183.07722,-9.118307722,209827.5176,20.98275176,-525981.418,-52.5981418
161,1000000,1,1,8,16,18,20,21,748804.9209,41,0.536585366,22,18,54486.0633,5.44860633,-78325.72673,-7.832572673,288444.9902,28.84449902,-411583.0508,-41.15830508
